"시점",전국,전국,전국,전국,전국,전국,전국,전국,전국,전국,전국,전국,전국,전국,전국,전국,전국,전국,전국,전국,전국,전국,전국,전국,전국,전국,전국,전국,전국,전국,전국,전국,전국,전국,전국,전국,전국,전국,전국,전국,전국,전국,전국,전국,전국,전국,전국,전국,전국,전국,전국,전국,전국,전국,전국,전국,전국,전국,전국,전국,전국,전국,전국,전국,전국,전국,전국,전국,전국,전국,전국,전국,전국,전국,전국,전국,전국,전국,전국,전국,전국,전국,전국,전국,전국,전국,전국,전국,전국,전국,전국,전국,전국,전국,전국,전국,전국,전국,전국,전국,전국,전국,전국,전국,전국,전국,전국,전국,전국,전국,전국,전국,전국,전국,전국,전국,전국,전국,전국,전국,전국,전국,전국,전국,전국,전국,전국,전국,전국,전국,전국,전국
"시점",총지수,생활물가지수,식품,쌀,라면,두부,빵,떡,국산쇠고기,수입쇠고기,돼지고기,닭고기,햄및베이컨,고등어,오징어,조개,어묵,우유,발효유,달걀,참기름,식용유,사과,포도,귤,수박,바나나,배추,상추,시금치,깻잎,부추,무,당근,감자,콩나물,버섯,오이,풋고추,호박,토마토,파,양파,마늘,사탕,아이스크림,비스킷,스낵과자,파이,소금,간장,즉석식품,편의점도시락,커피,주스,생수,탄산음료,소주,맥주,김치찌개백반,된장찌개백반,비빔밥,해장국,돼지갈비(외식),삼겹살(외식),칼국수,자장면,짬뽕,김밥,떡볶이,치킨,햄버거,피자,커피(외식),소주(외식),맥주(외식),구내식당식사비,식품 이외,담배,남자하의,남자내의,여자하의,여자내의,티셔츠,유아동복,양말,운동화,상수도료,하수도료,공동주택관리비,쓰레기봉투료,전기료,도시가스,부엌용용구,세탁세제,섬유유연제,부엌용세제,소염진통제,조제약,생리대,외래진료비,한방진료비,치과진료비,휘발유,경유,도시철도료,시내버스료,택시료,휴대전화료,인터넷이용료,장난감,영화관람료,온라인콘텐츠이용료,방송수신료,유치원납입금,전문대학납입금,사립대학교납입금,초등학생학원비,중학생학원비,고등학생학원비,가정학습지,목욕료,이발료,미용료,치약,샴푸,화장지,기초화장품,자동차보험료,전월세,생활물가 이외,전·월세포함 생활물가지수
"2011.01",88.288,90.440,81.745,70.056,87.643,88.782,66.138,80.075,73.793,75.543,80.954,101.664,89.622,112.403,48.776,61.120,69.222,75.987,80.971,85.937,82.970,102.036,95.599,98.312,75.376,112.391,58.717,98.562,51.447,71.706,84.080,122.903,88.130,68.033,108.258,78.406,104.394,72.799,68.353,87.527,97.187,145.736,82.378,117.735,76.916,79.722,72.815,74.201,81.079,62.136,67.562,77.278,-,93.297,98.008,80.618,65.242,76.817,86.060,79.609,78.308,79.348,79.463,75.891,74.333,78.833,77.011,73.094,67.130,71.875,84.785,90.548,92.436,86.375,75.002,78.641,72.568,95.306,54.618,80.960,85.626,77.664,86.144,81.909,82.367,93.886,87.340,87.918,42.029,66.267,85.917,106.617,114.460,75.294,124.824,110.015,90.796,77.312,129.937,84.612,84.105,82.045,96.006,131.464,135.726,75.205,74.381,73.745,114.088,99.920,93.207,77.470,92.749,99.819,128.267,104.597,104.508,80.650,78.199,74.078,93.091,72.460,85.842,75.499,86.501,128.819,100.710,90.920,92.652,83.392,86.355,89.345
"2011.02",88.892,91.321,83.554,71.020,87.466,89.007,67.507,80.153,73.869,80.875,95.926,112.938,89.711,108.911,50.331,60.744,70.561,75.987,80.971,89.797,80.420,102.139,97.446,98.312,73.684,112.391,63.922,111.735,52.386,77.203,78.911,147.332,77.861,68.363,117.523,79.978,104.290,81.033,72.717,99.075,85.029,151.817,95.946,118.472,77.069,80.109,72.598,73.907,81.079,62.375,67.626,77.553,-,93.110,98.567,80.618,66.510,76.583,85.975,80.767,79.765,80.439,80.714,80.363,79.807,79.829,79.254,75.223,67.923,73.006,84.615,91.869,92.436,87.145,75.002,78.719,72.855,95.679,54.618,80.960,87.504,77.664,86.231,81.909,82.367,94.258,87.429,88.178,42.197,68.923,85.917,106.617,114.460,80.476,123.516,110.672,90.978,77.618,129.937,84.287,84.105,82.045,96.101,133.314,138.627,75.205,74.381,73.745,114.088,99.920,93.207,77.470,92.749,99.918,128.267,104.597,104.508,80.571,78.430,74.369,93.091,73.100,86.013,76.081,83.628,129.599,101.002,90.831,92.835,83.638,86.779,90.130
"2011.03",89.238,91.674,83.240,72.878,87.555,89.081,67.572,80.622,72.194,80.044,89.762,121.240,94.273,104.688,51.009,60.118,70.984,75.910,80.971,89.952,81.615,104.310,95.840,98.312,77.590,112.391,68.850,119.841,51.682,49.309,70.365,103.631,80.254,69.680,116.604,80.576,100.869,82.649,95.985,93.759,87.943,133.039,97.295,119.668,84.242,80.265,76.491,73.246,80.999,63.513,66.918,75.425,-,93.297,99.032,80.857,67.081,76.583,85.975,81.769,81.299,81.842,83.296,81.756,80.887,81.284,79.852,75.791,68.649,73.572,84.785,91.869,92.436,87.059,75.002,79.110,74.436,96.332,54.618,80.960,89.952,77.664,86.317,81.909,82.367,94.630,87.429,88.178,42.197,68.146,85.917,106.617,114.460,85.171,126.847,124.560,91.976,77.771,129.937,84.450,84.105,82.045,96.101,138.863,146.322,75.205,74.381,73.745,114.088,99.920,93.300,77.470,92.749,100.117,131.823,105.539,106.907,82.629,79.277,75.676,93.091,74.238,86.609,77.392,85.631,129.990,100.613,90.920,92.744,84.131,87.118,90.567
"2011.04",89.325,91.585,82.846,75.355,88.087,89.606,67.833,81.170,68.919,78.936,89.541,123.597,94.541,108.911,50.969,62.247,71.054,75.834,80.971,94.430,80.500,105.241,97.205,98.312,77.590,112.391,74.263,93.496,49.571,36.427,59.896,81.907,82.946,74.356,113.433,81.250,104.602,63.565,62.940,69.380,81.114,88.657,79.530,120.313,84.318,81.117,78.511,72.952,81.322,64.829,66.145,78.376,-,92.271,98.940,81.337,67.018,76.505,85.975,82.386,82.143,82.154,84.000,82.636,81.679,81.591,79.927,76.145,68.848,73.997,84.868,91.869,92.436,87.231,75.002,79.188,75.082,96.425,54.618,80.960,91.422,77.664,86.403,81.909,82.367,94.908,87.165,88.178,42.197,67.239,85.917,106.617,114.460,87.731,123.516,104.110,91.976,78.076,129.937,84.287,84.105,82.045,96.291,138.740,148.088,75.205,74.381,73.745,114.088,99.920,93.393,77.470,92.749,100.018,131.823,105.539,106.907,82.550,79.586,76.402,93.091,74.735,87.034,77.611,85.631,130.250,97.791,90.831,92.470,84.543,87.204,90.567
"2011.05",89.497,91.497,82.217,75.492,87.998,89.606,67.898,82.030,67.624,76.859,93.284,110.171,94.363,111.186,50.930,62.310,70.914,77.837,80.971,93.735,81.217,107.515,97.205,98.312,77.590,117.512,75.582,40.070,50.431,40.858,56.716,65.763,74.871,78.506,90.646,81.474,102.010,60.255,58.173,62.873,67.289,59.745,59.441,116.262,86.913,85.378,82.044,77.139,81.404,67.882,65.501,78.033,-,99.548,101.364,81.337,69.934,76.349,85.975,82.386,82.143,82.466,84.312,83.515,82.472,81.897,80.226,76.358,69.310,74.280,84.868,93.983,92.436,87.658,75.002,79.267,75.586,96.612,55.656,81.516,92.156,77.976,86.661,82.968,84.469,95.557,87.165,88.178,42.280,66.527,85.917,106.617,119.723,87.975,129.346,126.529,92.430,78.382,129.937,84.205,83.691,82.045,96.387,137.384,145.691,75.205,74.381,73.745,114.088,99.920,93.393,77.470,92.749,100.018,131.823,105.539,106.907,82.550,79.662,76.548,93.091,75.020,87.205,78.266,87.022,129.990,101.392,90.653,92.470,84.953,87.628,90.479
"2011.06",89.670,91.585,82.767,76.800,88.263,89.306,68.550,82.108,65.949,76.028,109.138,97.360,97.761,98.922,52.166,62.059,71.054,77.837,80.971,93.889,81.775,106.171,97.205,98.312,77.590,114.403,73.778,32.700,47.616,44.222,53.734,54.943,57.225,78.769,68.360,82.447,102.839,57.408,67.707,69.930,62.126,55.051,53.745,111.568,88.286,87.779,81.971,81.768,81.404,70.516,65.179,79.886,-,101.320,102.577,81.417,70.568,76.505,85.975,82.386,82.219,82.622,84.469,84.322,84.200,82.127,80.151,76.429,69.443,74.492,85.038,93.983,92.436,87.658,75.002,79.501,75.729,96.519,55.656,81.516,93.136,77.976,86.747,82.968,84.469,95.743,87.165,88.178,43.582,66.009,85.917,106.617,119.723,88.402,127.324,123.576,92.066,78.764,127.096,87.626,83.691,82.045,96.387,135.286,142.412,75.205,74.381,73.745,114.088,99.920,93.393,77.548,92.749,100.018,131.823,105.539,106.907,82.550,79.586,76.621,94.022,74.948,87.376,78.703,87.893,130.120,101.002,90.653,92.470,85.364,87.883,90.654
"2011.07",90.102,92.115,83.633,76.937,87.909,89.381,70.833,82.264,65.492,75.266,108.697,105.969,98.745,102.657,52.046,63.938,71.407,77.837,80.971,90.260,82.970,108.859,97.205,98.312,77.590,104.801,71.071,53.518,88.274,77.039,62.480,61.959,65.001,78.900,60.681,82.746,107.815,75.800,79.342,99.808,62.543,55.264,59.441,111.476,88.286,86.927,83.485,81.621,81.484,77.221,75.549,81.739,-,101.227,102.762,89.159,70.632,76.271,86.060,82.540,82.680,83.011,84.625,84.616,84.777,82.280,80.226,76.500,69.376,74.563,85.122,93.983,89.968,87.658,75.002,79.736,76.017,96.799,55.656,81.516,93.788,77.976,86.919,82.968,84.469,95.837,89.276,88.526,44.674,65.685,85.917,106.617,119.723,88.768,119.232,128.279,93.700,78.917,126.579,88.032,83.691,82.045,96.577,138.493,145.944,75.731,75.833,73.745,114.088,99.920,93.393,77.548,92.749,100.117,131.823,105.539,106.907,82.550,79.662,76.402,94.022,75.233,87.376,78.776,88.154,129.860,101.781,91.009,92.470,85.610,88.392,91.090
"2011.08",90.707,92.907,85.600,76.387,87.998,89.231,71.160,82.499,65.797,75.890,100.550,106.686,99.103,97.053,51.528,64.752,71.336,77.914,80.971,94.584,80.021,112.684,97.205,147.999,77.590,117.147,65.379,117.169,114.624,124.706,73.943,79.033,149.143,84.103,67.358,82.522,111.962,78.417,82.897,114.472,81.447,67.746,63.489,105.400,88.362,86.230,83.485,81.474,81.484,85.721,80.186,81.396,-,101.414,103.043,89.558,70.632,76.271,86.146,82.694,82.833,83.401,84.860,85.496,85.353,82.740,80.300,76.500,69.376,74.421,85.376,93.983,93.808,87.658,75.002,79.814,76.305,97.079,55.656,81.516,94.850,77.976,87.006,82.968,84.469,96.394,89.187,88.873,44.674,66.203,85.917,108.724,119.723,89.195,122.326,122.591,94.062,79.146,126.579,88.521,83.691,82.045,96.958,140.220,147.331,75.731,75.905,73.745,114.088,99.920,89.941,77.702,92.749,100.217,131.823,105.539,106.907,82.470,79.739,76.548,94.022,75.731,87.716,78.848,87.284,129.730,98.278,91.009,92.470,85.939,88.563,91.876
"2011.09",90.620,92.819,85.600,76.731,88.263,89.231,71.290,82.499,68.081,77.204,96.440,103.920,99.013,98.435,51.528,64.940,71.336,77.914,80.971,96.283,76.674,111.443,102.583,106.513,77.590,117.147,63.644,104.181,82.254,107.395,76.460,68.130,140.271,105.113,77.292,82.596,118.803,63.718,77.807,87.068,100.518,84.497,66.488,101.626,88.438,86.772,83.629,81.621,81.242,89.492,82.697,82.357,-,101.414,103.229,89.718,70.695,76.349,86.233,83.080,83.217,83.635,85.251,85.496,85.209,82.970,80.599,76.571,69.508,74.492,85.376,93.983,93.808,87.744,75.002,79.970,77.382,96.892,55.656,81.516,94.850,77.976,87.006,82.968,84.469,96.765,89.187,89.047,44.674,66.009,85.917,108.724,119.723,90.048,123.516,127.185,94.062,79.452,126.579,88.603,83.773,82.045,97.244,140.467,146.574,75.731,75.905,73.745,111.210,99.920,92.740,77.702,92.749,100.217,131.823,105.225,106.803,82.470,79.893,76.548,94.022,76.371,88.057,78.921,88.154,131.031,106.645,91.009,92.470,86.268,88.477,91.788
"2011.10",90.448,92.555,84.027,80.172,88.263,89.456,71.290,82.421,68.005,77.828,84.476,101.870,98.566,93.724,52.086,66.067,71.125,77.914,80.890,88.870,78.985,112.374,94.797,107.188,83.383,117.147,65.935,63.835,64.739,61.451,72.816,65.256,68.391,115.782,80.129,82.896,111.443,58.486,66.818,72.129,114.009,69.134,63.264,101.718,88.592,87.082,83.629,81.842,81.079,91.887,83.470,80.710,-,101.507,106.586,89.798,70.505,76.349,86.233,83.080,83.140,83.713,85.564,85.276,85.065,83.046,80.675,76.713,69.641,74.634,85.460,93.983,93.808,88.172,75.002,79.970,77.526,97.265,55.656,81.516,95.177,77.976,87.092,82.968,84.469,97.229,88.660,89.134,44.716,65.944,85.917,108.724,125.642,90.414,125.063,126.529,94.243,79.452,126.449,89.092,83.773,82.045,97.244,142.687,148.593,75.731,76.051,73.745,110.634,99.920,92.927,77.702,92.749,100.217,131.823,105.225,106.803,82.708,79.739,76.765,94.766,76.727,88.312,79.212,86.152,129.599,107.229,91.009,92.470,86.679,88.392,91.613
"2011.11",90.534,92.555,83.790,82.443,87.909,89.831,71.551,82.655,67.853,77.066,82.055,102.588,99.550,93.480,52.884,65.315,71.830,84.542,85.019,89.720,81.058,110.719,91.907,108.056,77.915,117.147,66.351,39.793,55.826,48.570,66.588,73.962,50.545,96.485,86.138,82.447,108.437,76.492,73.848,96.600,83.279,57.078,67.162,101.074,88.592,87.625,83.124,81.988,81.079,92.845,83.792,82.632,-,102.160,107.053,90.516,71.202,76.349,86.319,83.312,83.217,83.791,85.564,84.909,84.417,82.970,80.824,76.784,69.641,74.704,85.460,93.983,93.808,88.172,75.002,80.127,77.526,97.359,55.656,85.644,95.993,78.990,89.673,84.843,87.621,97.693,88.924,89.134,45.682,66.203,85.917,108.724,125.533,91.085,124.230,122.701,97.872,79.833,126.449,89.254,84.601,82.045,97.339,142.563,149.854,75.731,76.051,73.745,109.368,99.920,92.460,77.702,92.749,100.217,131.823,105.225,106.803,82.708,79.816,76.765,94.766,76.940,88.312,79.358,86.848,130.250,105.575,90.831,92.470,87.089,88.563,91.701
"2011.12",90.879,92.907,84.813,83.337,92.429,90.356,71.681,82.499,67.700,76.028,96.954,100.845,99.639,96.729,53.482,64.564,75.284,84.773,85.425,88.716,80.978,111.754,93.352,107.960,70.169,117.147,65.310,28.095,63.567,53.903,71.027,91.374,46.956,70.207,104.001,82.821,109.266,107.890,77.807,91.284,79.198,55.797,65.513,99.141,89.049,86.927,83.629,82.135,80.999,95.238,83.792,83.386,-,102.160,106.399,90.436,72.914,76.505,86.319,83.389,83.370,83.791,85.564,84.982,84.560,82.970,80.898,76.925,69.641,74.775,85.630,93.983,95.728,88.172,75.002,80.206,77.526,97.452,55.656,85.644,96.156,78.990,89.673,84.843,87.621,97.601,88.836,89.308,46.144,67.239,85.917,108.724,125.533,90.536,128.751,116.249,98.144,80.139,126.449,89.011,84.683,82.045,97.530,139.850,150.107,76.183,79.029,73.745,108.792,99.920,91.900,77.702,92.749,100.217,131.823,105.225,106.803,82.708,79.816,77.201,94.766,77.011,88.653,79.795,87.022,129.730,107.910,91.277,92.470,87.336,88.732,92.049
"2012.01",91.242,93.251,85.742,83.186,94.573,90.506,71.753,82.725,67.724,79.303,93.298,98.815,98.719,95.015,51.221,66.951,76.398,84.727,84.485,92.330,80.244,111.961,97.887,109.272,76.021,117.211,64.345,31.144,88.063,73.995,98.503,124.458,49.229,61.026,107.941,84.333,115.393,103.612,92.447,104.455,91.424,60.076,66.353,98.128,88.828,87.656,84.026,82.047,80.894,96.041,83.888,82.144,-,102.002,107.276,90.564,73.473,76.458,86.327,83.612,83.577,84.002,85.838,85.195,84.805,83.084,80.981,77.039,69.819,74.803,85.630,94.001,95.728,88.146,75.032,80.190,77.662,97.518,55.765,85.842,96.498,78.686,89.776,84.843,87.548,97.842,88.871,89.629,46.803,68.431,85.882,108.714,125.555,90.835,142.257,123.729,98.588,80.460,127.896,88.701,85.494,85.104,98.101,140.553,150.661,76.122,79.189,73.745,108.792,99.920,91.835,77.855,92.749,103.839,132.102,105.256,106.740,83.761,80.786,77.194,94.766,78.035,89.105,80.254,86.518,128.481,106.023,91.081,92.607,87.607,89.242,92.416
"2012.02",91.588,93.648,85.450,83.572,94.821,90.506,71.760,82.725,65.835,77.191,79.537,102.197,98.226,94.041,49.805,69.029,77.335,84.857,84.453,87.712,80.659,112.673,99.500,109.639,101.999,117.211,66.406,39.010,74.450,87.090,89.453,110.461,53.437,56.811,102.740,84.145,107.711,113.438,115.853,109.670,100.052,74.916,66.592,98.975,89.171,87.648,83.586,82.135,81.079,96.101,83.973,80.909,-,102.188,107.164,90.732,73.454,76.458,86.241,83.991,83.930,84.337,86.009,85.077,84.560,83.184,81.048,77.210,69.965,75.454,85.900,95.032,95.728,88.155,75.032,80.229,77.820,98.255,56.409,85.842,96.450,78.686,89.794,84.843,87.548,98.074,95.098,91.011,50.581,71.392,85.891,108.714,125.622,90.981,138.306,137.432,98.462,81.025,127.896,88.725,85.543,85.104,98.120,143.303,153.083,76.122,79.189,73.745,108.792,99.920,91.854,77.895,92.749,103.859,132.102,105.256,106.740,84.109,81.201,77.920,94.766,78.590,89.122,80.304,85.230,131.057,107.765,90.617,92.607,87.845,89.513,92.783
"2012.03",91.614,93.621,85.545,83.337,94.653,90.581,71.799,82.655,64.738,77.039,78.268,111.012,98.047,97.541,49.845,69.161,77.780,84.835,84.477,84.608,80.914,107.722,100.969,108.973,108.059,117.211,73.840,68.616,62.847,59.916,84.490,100.241,63.156,56.613,110.637,82.454,110.728,112.607,144.107,112.153,116.999,75.172,62.950,100.439,87.775,87.462,83.838,81.915,81.144,96.568,83.876,81.554,-,102.123,107.053,90.755,73.466,76.209,85.991,84.145,84.114,84.376,86.009,84.689,84.020,83.383,81.018,77.153,69.965,75.447,86.179,95.032,95.728,88.403,75.032,80.292,78.646,98.161,56.409,85.842,96.523,78.686,89.853,84.843,87.548,98.232,95.213,90.628,50.581,71.534,85.891,108.714,125.686,91.341,135.534,133.834,98.815,81.491,127.896,89.100,85.552,85.104,98.262,146.300,155.152,85.742,81.666,73.745,108.792,99.920,91.909,77.755,92.749,100.227,117.078,101.344,103.361,85.660,82.325,78.915,94.766,78.590,89.207,80.384,86.170,129.509,104.301,90.608,92.607,88.240,89.539,92.808
"2012.04",91.605,93.481,85.387,83.042,94.866,90.581,72.020,83.469,65.797,75.197,77.864,107.157,98.432,101.082,49.566,70.733,77.477,84.889,84.607,90.091,80.484,107.536,106.339,106.802,108.059,117.211,76.575,90.576,54.802,44.706,71.345,81.679,56.816,56.600,120.962,83.928,109.712,84.396,94.846,79.434,102.817,59.831,62.897,101.608,88.828,87.082,83.478,81.548,80.894,96.520,83.876,82.350,-,101.918,107.435,90.883,72.318,76.201,85.975,83.991,84.405,84.532,86.049,84.535,84.100,83.383,80.936,77.181,70.103,75.553,86.331,95.032,95.728,88.479,75.069,80.354,79.013,98.040,56.409,85.842,96.645,78.686,89.863,84.843,87.548,98.111,95.046,91.410,50.581,70.232,85.891,108.714,125.686,91.780,130.274,112.979,98.988,82.599,113.547,89.312,84.808,85.104,98.196,148.519,156.262,85.742,81.666,73.745,108.792,99.920,92.031,77.895,92.749,100.247,117.180,101.344,103.361,86.111,83.087,80.084,94.766,78.775,89.317,80.829,89.025,130.537,103.561,94.126,90.137,88.584,89.632,92.756
"2012.05",91.769,93.525,85.199,83.000,95.017,90.724,72.118,83.672,66.528,75.453,77.812,100.630,96.554,100.326,48.987,75.654,77.681,85.189,84.736,85.875,80.061,106.689,106.339,104.834,108.059,137.037,75.824,78.334,57.491,41.752,66.270,60.970,67.085,68.370,125.060,83.218,109.391,78.986,79.277,59.298,88.576,72.911,74.043,107.738,89.400,86.772,83.882,82.010,80.812,95.245,83.077,82.117,-,102.226,106.660,90.835,73.339,76.255,85.906,83.991,84.405,84.679,86.283,84.645,84.309,83.568,81.145,77.359,70.235,75.843,86.813,95.032,95.728,89.147,75.069,80.416,79.056,98.199,56.409,86.636,96.630,82.280,89.888,88.836,90.119,98.520,95.424,91.775,50.581,69.442,85.891,108.714,125.708,91.944,128.240,128.081,99.369,83.195,113.547,89.075,84.833,85.104,98.101,147.261,154.597,85.742,81.128,73.745,108.792,99.920,92.022,77.771,92.749,100.267,117.180,101.344,103.361,86.301,83.895,80.426,94.766,78.682,89.317,81.534,88.145,127.766,105.537,94.064,90.137,88.856,89.938,92.826
"2012.06",91.639,93.260,84.994,83.152,95.194,90.521,72.197,84.000,66.375,76.859,91.325,101.613,97.323,93.846,49.725,76.757,77.420,85.297,84.769,84.971,79.958,108.518,106.339,107.082,108.059,116.351,72.875,53.951,47.421,44.624,55.530,49.626,64.513,67.757,106.405,84.145,110.116,52.344,66.987,47.539,69.064,101.449,78.150,105.428,89.324,88.097,84.083,81.041,80.585,95.389,83.798,82.570,-,102.076,106.624,90.835,73.384,76.279,85.991,84.122,84.866,84.679,86.346,84.740,84.475,83.759,80.749,77.181,70.255,76.105,86.965,95.032,95.728,89.155,75.069,80.566,79.056,97.909,56.409,86.636,95.911,82.280,89.966,88.836,90.119,98.530,95.090,91.819,50.636,69.099,85.891,108.714,125.686,92.206,128.109,128.760,99.613,83.485,113.547,92.935,84.857,85.104,98.168,143.241,150.182,85.742,83.191,73.745,108.792,99.920,92.031,77.632,92.749,100.267,117.180,101.344,103.361,86.380,83.880,80.426,94.766,78.703,89.326,82.059,85.361,130.263,107.473,93.797,90.137,89.061,89.904,92.643
"2012.07",91.432,92.829,84.640,82.856,94.511,90.423,72.223,84.250,67.206,76.491,89.475,106.061,99.989,89.054,49.218,75.242,77.498,85.020,88.112,79.366,79.719,108.135,106.339,107.902,108.059,81.198,68.968,71.923,63.457,75.234,49.262,47.504,81.859,66.282,71.674,83.472,107.151,49.651,59.717,44.680,52.433,95.528,75.819,104.084,89.683,87.059,81.106,82.180,80.512,95.431,83.689,81.849,-,101.945,105.962,90.899,73.212,76.177,85.932,84.122,84.866,84.820,86.502,84.711,84.503,83.813,80.749,77.181,70.248,76.127,87.236,95.032,95.728,89.155,75.069,81.090,79.056,97.433,56.409,86.636,96.107,82.280,89.966,88.836,90.119,98.604,94.799,91.819,50.636,68.729,85.771,108.714,131.519,92.499,117.768,123.216,99.958,84.172,108.742,95.598,84.047,85.104,98.044,137.186,144.758,85.742,83.191,73.745,108.792,99.920,92.013,77.625,92.749,100.267,117.180,101.344,103.361,86.531,84.364,80.535,94.766,78.689,89.393,82.183,86.414,133.647,105.887,93.269,90.137,89.217,89.963,92.293
"2012.08",91.855,93.481,85.419,82.430,94.759,90.334,72.399,84.383,67.381,77.489,84.278,106.758,98.772,85.570,49.067,75.523,78.837,85.027,88.031,80.169,78.619,110.327,106.339,122.393,108.059,126.127,66.594,83.511,91.417,124.026,62.957,69.423,79.606,60.829,69.879,83.667,110.687,66.296,59.902,51.911,56.347,101.044,78.946,101.415,90.491,86.788,81.200,82.415,80.229,96.023,83.934,86.791,-,101.880,105.402,90.860,72.985,76.255,87.868,84.169,84.912,84.891,86.424,84.850,84.503,83.928,80.749,77.224,70.388,76.246,87.430,95.032,95.728,90.181,75.069,81.607,79.056,98.013,56.409,86.636,96.866,82.280,90.009,88.836,90.119,98.734,94.570,91.819,50.716,69.429,85.762,111.062,131.398,92.566,122.992,126.780,100.012,84.532,108.742,95.916,84.080,85.104,98.005,141.614,148.895,85.742,83.743,73.745,108.792,99.920,92.013,77.817,92.749,100.346,117.180,101.344,103.361,86.555,84.719,82.488,94.766,78.803,89.393,82.998,88.284,134.934,105.157,93.144,90.137,89.381,90.100,92.870
"2012.09",92.512,94.450,87.645,82.574,95.220,90.566,72.575,84.524,69.011,78.673,84.293,102.761,99.103,85.797,49.422,75.410,80.458,85.220,87.821,87.426,80.045,112.157,117.520,104.332,108.059,126.127,68.093,111.670,160.144,152.790,91.752,68.383,81.590,68.139,72.701,83.883,117.207,101.403,81.983,144.827,96.629,130.148,81.329,100.935,101.403,88.624,81.185,85.148,82.902,96.041,84.230,88.074,-,104.166,107.332,90.851,75.856,76.466,90.794,84.222,84.866,85.031,86.464,84.895,84.525,83.951,80.958,77.444,70.929,76.246,87.979,95.032,95.728,90.344,75.069,82.303,79.099,98.386,56.409,86.636,96.866,82.280,90.052,88.836,90.119,98.734,94.482,91.819,50.716,68.522,85.771,111.062,131.398,92.499,124.039,122.767,100.139,84.700,108.742,96.201,84.088,85.104,98.044,146.189,153.916,85.742,83.743,73.745,108.792,99.920,91.751,77.825,92.749,100.346,117.180,101.051,103.381,86.571,85.042,82.641,94.766,79.521,89.803,83.005,88.650,134.011,104.719,94.117,90.137,89.538,90.439,93.725
"2012.10",92.339,94.107,86.623,84.177,95.105,90.813,72.614,84.282,69.627,78.174,75.603,104.514,98.002,83.426,48.604,75.843,80.599,85.027,88.007,89.434,81.735,112.043,119.768,118.949,102.643,126.127,69.793,110.132,88.290,73.035,76.374,67.546,91.929,85.434,70.839,84.340,113.051,66.820,83.842,83.797,110.254,129.198,82.169,99.969,99.304,88.601,81.048,85.206,90.645,95.628,84.397,88.644,-,104.297,107.463,90.811,76.541,76.069,91.035,84.315,84.866,85.194,86.464,84.895,84.503,84.088,80.958,77.487,70.982,76.331,88.250,95.032,95.728,91.216,75.069,82.756,79.099,98.377,56.409,86.636,96.858,82.280,90.043,88.836,90.119,98.910,94.096,91.819,50.716,68.982,85.771,111.062,131.442,91.785,121.421,121.039,100.321,85.066,108.742,96.454,84.105,85.104,98.110,144.783,152.604,85.742,83.743,73.745,108.792,99.920,91.873,77.825,92.749,100.346,117.180,101.051,103.381,86.863,85.058,82.671,94.766,79.557,89.803,83.268,86.370,138.331,107.531,93.788,90.137,89.727,90.405,93.454
"2012.11",92.011,93.489,85.199,87.185,94.848,90.949,72.660,84.383,68.736,74.789,70.914,107.138,97.610,85.270,47.994,74.277,80.938,84.874,87.870,85.527,82.684,106.564,107.897,118.611,75.604,126.127,58.606,75.322,67.804,64.651,68.105,103.183,77.922,87.825,71.782,84.228,110.054,68.289,79.277,92.329,92.440,107.925,88.037,99.325,99.259,90.677,80.428,86.110,93.051,95.418,84.353,88.795,-,104.371,107.137,90.652,77.682,76.084,90.923,84.392,84.988,85.436,86.612,84.895,84.503,84.250,80.966,77.487,71.352,76.331,88.309,86.610,95.728,92.242,75.069,82.882,79.121,98.152,56.409,87.326,97.062,81.516,91.128,88.836,92.988,98.882,94.624,91.819,50.678,68.826,85.771,111.062,131.442,90.396,116.852,118.294,100.493,85.181,108.742,96.657,84.121,85.104,97.987,140.886,148.782,85.742,83.743,73.745,108.792,99.920,91.928,77.825,92.749,100.346,117.180,101.051,103.381,86.966,85.196,82.837,94.766,79.691,89.854,83.370,73.760,133.321,105.069,93.823,90.137,89.957,90.379,92.957
"2012.12",92.175,93.604,85.530,87.639,94.999,92.711,72.836,84.649,68.112,74.732,72.087,101.132,96.920,87.487,47.001,74.340,80.613,84.928,87.999,86.809,82.485,104.176,105.593,118.824,67.455,126.127,57.731,82.626,72.903,81.182,75.135,101.755,81.271,94.147,80.012,85.425,108.758,88.551,90.354,102.915,90.866,107.200,95.406,100.632,100.968,90.274,81.639,85.772,94.152,94.975,84.423,88.438,-,104.101,107.332,90.620,77.961,76.108,91.000,84.477,85.080,85.436,86.643,84.975,84.503,84.272,81.056,77.565,71.352,76.466,88.453,88.513,95.728,92.242,75.069,83.085,79.121,98.161,56.409,87.326,97.568,81.516,91.145,88.836,92.988,98.901,94.316,91.844,50.678,70.510,85.771,111.062,131.442,88.890,113.080,118.885,100.284,85.234,108.742,96.193,84.121,85.104,97.977,139.641,147.407,85.742,83.743,73.745,108.792,99.920,91.443,77.895,92.749,100.346,117.180,101.051,103.381,86.966,85.350,82.917,94.766,79.955,89.914,83.421,84.238,138.617,105.060,93.983,90.137,90.154,90.609,93.097
"2013.01",92.728,94.310,86.827,87.460,95.034,95.305,73.045,84.696,68.477,74.657,70.980,100.927,99.166,88.063,46.977,74.665,81.960,84.928,87.853,85.967,82.811,114.627,108.338,118.756,68.321,126.127,67.815,104.024,87.305,99.265,104.480,111.315,75.599,136.377,93.025,87.369,111.081,110.083,107.499,108.002,96.695,115.351,103.614,100.439,100.762,90.413,80.658,85.933,94.882,95.095,84.468,88.047,-,104.530,107.752,90.660,78.570,81.270,90.949,84.986,85.518,85.904,87.058,85.239,84.380,84.402,81.362,78.423,71.663,77.166,88.639,88.513,95.728,92.242,75.764,84.275,79.466,98.572,56.409,87.326,97.568,81.516,91.145,88.836,92.988,98.891,93.743,92.200,53.096,71.683,85.994,113.297,131.442,90.280,111.104,121.706,100.366,85.364,108.805,96.332,85.635,87.395,98.520,138.839,146.549,85.742,84.063,76.414,108.792,99.920,91.686,77.895,96.331,100.346,117.180,101.051,103.381,87.393,86.174,83.941,96.144,80.900,90.007,83.777,78.277,131.305,107.347,94.037,90.137,90.343,91.016,93.725
"2013.02",93.038,94.750,87.252,87.901,95.158,95.763,76.541,84.611,68.881,77.634,68.543,105.621,96.276,91.198,46.586,75.286,81.579,84.835,88.015,86.647,79.926,111.268,110.955,119.142,71.022,126.127,78.824,110.371,74.646,83.947,96.483,105.254,64.672,155.648,97.532,87.931,111.879,140.195,125.306,121.997,97.595,116.343,122.406,101.046,100.655,90.289,82.375,85.265,94.882,94.545,84.397,88.232,-,104.717,108.050,90.604,78.589,81.676,90.553,85.271,85.694,86.067,87.339,85.269,84.560,84.938,81.796,78.899,71.861,77.492,88.732,88.513,95.728,92.242,76.758,84.611,79.768,99.030,56.409,87.326,97.617,81.516,91.187,88.836,92.988,98.836,96.540,92.140,53.117,74.592,85.994,113.297,131.442,90.652,119.327,119.103,100.248,85.410,108.805,96.787,85.635,87.395,98.567,140.689,147.735,85.742,84.063,77.026,108.792,99.920,91.639,78.488,94.442,100.346,117.180,101.051,103.381,88.050,86.759,84.297,96.144,81.469,90.526,84.265,77.503,126.398,106.607,94.046,90.137,90.499,91.160,94.117
"2013.03",92.952,94.521,86.544,88.038,95.105,96.362,76.756,85.205,66.794,75.938,64.631,114.055,97.753,93.342,46.602,75.410,82.665,84.973,87.943,85.149,80.739,113.036,110.385,117.213,80.786,126.127,85.687,117.353,58.547,53.246,75.082,62.584,57.175,157.064,95.771,87.534,106.343,101.510,115.045,96.509,90.341,112.513,138.297,102.491,97.702,89.499,86.283,85.860,94.978,95.197,88.945,88.451,-,104.978,107.938,89.103,79.033,82.230,90.845,85.688,86.055,86.239,87.464,85.342,84.625,85.468,81.983,79.218,71.914,77.845,88.799,89.456,95.728,92.242,78.072,84.909,80.235,99.030,56.409,87.326,97.723,81.516,91.205,88.836,92.988,98.734,96.128,92.322,53.117,74.682,85.994,113.297,136.792,91.469,121.719,116.676,100.167,85.372,108.805,97.325,85.660,87.395,98.567,143.525,149.703,85.742,84.063,77.616,108.792,99.920,91.695,78.496,94.442,100.436,87.603,100.382,102.734,88.628,87.413,84.907,96.144,81.555,90.680,84.753,67.443,117.538,105.167,94.171,90.137,90.738,91.220,93.960
"2013.04",92.823,94.327,86.780,88.555,95.141,96.249,76.958,85.415,66.642,75.120,68.279,109.023,95.293,95.778,45.845,78.993,82.327,84.997,87.934,90.553,82.365,114.307,111.701,116.383,80.786,126.127,98.361,114.516,53.809,46.626,64.560,59.499,57.703,164.625,105.128,87.893,105.451,74.207,77.556,71.406,92.465,110.432,167.898,104.977,98.152,89.592,89.202,85.955,94.663,95.143,88.951,88.534,-,104.269,106.511,90.292,78.842,82.284,90.699,85.819,86.215,86.534,87.464,85.386,84.424,85.529,82.199,79.523,72.033,78.249,88.909,89.456,95.728,92.276,77.960,85.628,81.118,98.628,56.409,87.326,97.593,81.516,91.282,88.836,92.988,98.864,86.646,91.975,53.168,74.300,85.994,113.297,136.792,91.414,123.384,105.400,100.085,85.410,108.805,95.412,85.436,87.395,98.482,140.713,146.133,85.742,84.063,78.752,108.792,99.920,91.733,78.549,94.442,100.436,87.615,100.382,102.734,88.842,87.459,84.834,96.144,81.669,90.748,84.920,68.548,127.739,106.899,94.126,90.137,90.959,91.102,93.829
"2013.05",92.823,94.001,86.119,88.258,95.549,96.430,77.108,85.385,66.307,74.913,72.807,104.462,95.650,96.785,45.785,81.040,83.193,85.105,87.853,92.376,82.628,113.760,111.701,116.749,80.786,122.258,102.650,84.220,51.666,46.707,62.427,55.627,73.774,112.542,90.178,89.225,104.943,62.756,68.854,57.172,75.168,97.790,161.654,104.986,99.412,88.174,88.777,86.227,95.335,95.370,89.350,87.841,-,104.688,107.892,90.197,79.204,82.393,90.501,85.927,86.315,86.916,87.464,85.386,84.431,85.728,82.432,79.693,72.132,78.567,88.969,89.456,95.728,92.328,78.207,86.058,81.212,98.460,56.409,88.492,97.593,84.510,91.334,89.676,94.670,99.208,86.839,92.539,53.214,75.162,85.994,113.297,136.759,90.579,119.077,109.633,100.057,85.564,108.805,95.395,85.436,87.395,98.397,136.853,142.046,85.742,84.063,79.194,108.792,99.920,91.779,78.549,94.442,100.436,87.666,100.382,102.734,89.087,87.643,84.907,96.144,81.839,90.960,85.000,78.172,127.127,105.800,93.376,90.137,91.157,91.526,93.585
"2013.06",92.710,93.771,85.332,88.458,95.504,96.767,77.147,85.423,66.269,75.176,79.083,106.882,95.096,94.820,46.096,81.290,83.242,84.997,87.886,91.109,84.294,108.166,111.701,117.965,80.786,94.696,98.396,65.972,50.705,50.137,56.722,44.994,82.936,78.222,65.664,88.926,109.671,63.649,68.143,67.776,57.813,76.037,110.300,99.463,100.160,88.011,89.303,86.426,94.217,94.879,89.982,88.602,-,104.325,107.696,90.372,79.077,82.307,90.665,86.104,86.491,86.956,87.535,85.444,84.878,85.896,82.611,80.048,72.495,78.758,89.019,89.456,95.728,92.328,77.414,86.348,81.262,98.498,56.409,88.492,97.650,84.510,91.308,89.676,94.670,99.440,86.478,92.644,53.655,74.650,86.165,113.297,136.759,91.761,124.456,112.706,100.176,85.609,108.805,94.809,85.453,87.395,98.367,137.100,142.261,85.742,84.063,79.334,108.792,99.920,89.093,78.573,94.442,100.515,87.666,100.382,102.734,89.167,87.705,85.118,96.144,81.889,90.816,84.891,90.121,128.182,104.914,93.770,90.137,91.329,91.551,93.402
"2013.07",92.909,93.851,85.734,88.231,95.539,96.775,77.186,85.407,66.345,77.648,85.269,114.260,96.804,92.326,46.136,81.028,83.510,84.997,87.643,90.708,83.305,109.768,111.701,117.540,80.786,92.675,90.240,70.274,85.397,99.257,63.560,58.569,71.870,72.097,50.523,89.524,111.361,81.402,69.291,71.176,59.420,69.646,87.693,92.587,101.266,87.291,89.462,86.316,95.230,95.353,90.433,87.985,-,105.286,107.341,90.157,79.027,82.292,90.743,86.104,86.491,87.151,87.730,85.444,85.065,85.896,82.611,79.779,72.522,78.765,89.045,89.456,95.728,92.328,77.198,86.340,81.262,98.423,56.409,88.492,97.772,84.510,91.326,89.676,94.670,99.337,86.655,92.705,54.008,74.339,85.736,113.297,136.750,91.932,113.592,102.667,100.113,85.923,107.669,98.913,85.436,87.395,93.386,139.492,144.783,85.742,84.063,80.139,108.792,99.920,90.361,78.812,94.442,100.515,87.666,100.382,102.734,89.167,87.744,85.190,96.144,81.754,90.910,84.862,88.397,118.045,106.811,95.930,90.137,91.468,91.908,93.498
"2013.08",93.238,94.485,87.174,88.746,95.291,96.865,77.186,85.533,67.442,78.278,83.912,113.389,98.190,87.186,46.942,82.155,83.884,85.012,87.715,93.365,84.365,114.307,111.701,125.780,80.786,127.947,82.647,119.730,111.191,146.432,72.087,79.769,84.900,72.012,52.484,89.816,112.895,74.554,80.336,85.748,83.604,75.908,82.873,88.987,101.792,87.229,89.634,86.220,95.481,95.245,90.490,88.355,-,105.015,106.502,90.109,79.008,82.385,90.880,86.182,86.491,87.408,87.730,85.671,85.223,85.896,82.626,79.779,72.522,78.885,89.045,89.456,95.728,92.328,77.265,86.747,81.312,98.675,56.409,88.492,97.805,84.510,91.429,89.676,94.670,99.393,86.901,92.774,54.095,74.559,85.736,113.297,138.153,91.871,112.116,106.101,99.676,86.282,107.669,100.468,85.469,87.395,93.310,140.528,145.893,85.742,84.396,80.139,108.792,99.920,90.408,79.012,94.442,100.515,87.666,100.382,102.734,89.317,87.851,85.205,96.144,81.782,90.910,85.321,82.750,125.826,105.459,85.258,90.137,91.657,91.815,94.065
"2013.09",93.419,94.653,87.449,88.905,95.406,96.617,79.293,85.963,70.001,81.117,83.933,109.802,97.618,84.286,46.766,84.747,84.201,94.005,87.562,96.523,81.081,108.208,112.383,100.676,80.786,127.947,83.758,124.354,92.089,145.923,72.822,61.545,83.176,73.236,55.039,90.213,119.250,66.165,70.284,77.317,91.465,81.456,85.766,85.600,101.785,89.120,89.706,86.271,95.603,95.723,90.426,88.026,-,102.915,106.334,90.212,78.697,82.393,90.786,86.228,86.545,87.455,87.730,85.833,85.216,86.073,82.626,79.779,73.037,78.885,89.053,89.456,95.728,92.337,77.168,86.958,81.650,98.787,56.409,88.492,97.813,84.510,91.429,89.676,94.670,99.653,96.532,92.409,54.095,74.222,85.796,113.297,138.229,91.036,109.474,100.402,100.113,86.648,107.037,101.307,85.395,87.395,93.205,139.418,144.985,85.742,84.396,80.139,108.792,99.920,90.576,79.066,94.442,100.515,87.666,100.382,102.746,89.689,87.913,85.234,96.824,82.472,91.037,85.968,86.274,122.443,103.406,96.100,90.137,91.830,92.044,94.240
"2013.10",93.134,94.142,86.048,89.455,95.584,97.262,79.378,86.362,69.368,80.591,78.921,114.035,97.206,83.149,46.188,84.397,84.652,94.799,90.388,96.785,83.800,115.889,106.749,97.318,84.867,127.947,81.661,69.509,85.804,68.515,65.846,52.737,61.561,82.450,56.825,90.288,113.880,68.967,60.977,69.480,87.835,71.438,86.711,83.961,101.350,90.871,89.706,84.728,95.497,96.394,90.297,88.472,-,102.776,107.062,89.886,78.665,82.409,90.820,86.290,86.599,87.510,87.730,85.833,85.181,86.126,82.649,80.005,73.836,79.394,89.087,89.456,95.728,92.337,76.989,87.209,81.650,98.693,56.409,88.492,97.772,84.510,91.523,89.676,94.670,99.597,96.171,92.861,54.095,74.495,85.796,113.297,138.229,91.036,106.381,106.505,100.139,86.854,107.037,100.909,85.486,87.395,93.044,137.149,142.840,85.742,84.440,84.806,108.792,99.920,90.557,78.889,94.442,100.515,87.666,100.382,102.746,89.665,88.013,85.219,96.824,82.557,91.037,86.281,85.639,124.408,107.317,95.279,90.137,92.011,91.993,93.821
"2013.11",93.116,93.939,85.167,89.001,95.468,97.374,79.502,86.409,69.201,80.632,74.788,112.302,98.414,83.986,45.350,83.520,84.336,94.807,90.331,98.020,83.337,105.447,99.733,97.135,76.522,127.947,75.624,45.615,74.388,54.288,60.930,78.983,52.220,81.746,59.930,90.100,114.221,71.298,60.258,66.896,81.955,71.459,87.977,83.372,101.900,90.848,89.642,85.824,95.311,96.101,90.748,86.139,-,102.515,107.351,90.021,78.411,82.377,91.087,86.290,86.599,87.385,87.730,85.643,85.173,86.570,82.649,80.041,73.981,79.472,89.120,89.456,95.728,92.337,77.064,87.412,81.650,98.834,56.409,91.033,97.935,89.080,92.565,91.363,96.109,99.709,96.215,92.861,54.095,74.617,85.917,116.362,138.251,90.792,115.543,119.694,100.484,87.137,107.010,101.959,85.486,87.395,92.910,135.213,141.340,85.742,84.549,84.806,108.792,99.920,90.594,78.889,94.442,100.515,87.666,100.382,102.746,89.736,88.013,85.219,96.824,83.041,91.258,85.975,82.645,120.674,105.673,96.672,90.137,92.208,92.179,93.681
"2013.12",93.229,94.107,85.482,88.320,95.628,97.285,79.593,86.455,69.406,81.352,80.132,109.239,96.670,84.368,45.725,80.646,83.616,94.776,90.647,99.850,83.943,113.676,94.138,97.521,70.709,127.947,71.487,46.444,65.295,49.710,66.011,69.964,49.678,71.004,69.111,90.280,113.713,90.714,62.964,71.607,82.421,76.207,86.119,82.764,101.487,91.700,89.440,88.137,95.578,95.072,91.051,88.294,-,101.451,107.621,90.005,78.989,82.307,91.044,86.290,86.599,87.385,87.730,85.804,85.173,86.747,82.693,80.240,74.523,79.472,89.213,89.456,95.728,91.994,77.228,87.538,81.657,98.936,56.409,91.033,97.830,89.080,91.360,91.363,96.109,98.232,95.740,93.095,56.267,74.767,85.917,116.362,138.251,90.828,108.153,108.025,100.684,87.374,107.010,101.942,85.494,87.395,92.843,135.374,141.907,86.125,85.356,85.499,108.792,99.920,90.547,79.205,94.442,100.515,87.666,100.382,102.746,89.926,88.082,85.292,96.824,83.233,91.258,86.391,95.011,119.008,104.554,96.619,90.137,92.397,92.162,93.856
"2014.01",93.730,94.856,86.229,87.742,95.282,96.572,79.978,86.440,70.686,83.824,76.998,107.384,98.459,87.494,46.024,80.690,83.609,94.822,90.663,100.753,83.457,113.676,96.852,97.782,74.654,127.947,73.306,46.711,62.941,50.884,84.417,72.169,44.793,57.825,77.416,89.547,118.327,102.072,87.809,101.806,93.306,68.515,82.431,81.908,101.503,92.327,92.836,87.381,95.490,95.868,90.742,88.637,-,102.645,107.995,90.084,79.357,82.269,91.061,86.706,86.990,87.580,87.738,86.001,85.303,87.053,82.745,80.495,74.523,79.472,89.248,89.456,95.728,91.729,77.564,87.851,81.815,99.693,56.409,91.033,97.944,89.080,92.582,91.363,96.109,99.653,94.096,93.095,59.252,75.252,86.029,116.362,145.717,91.396,114.365,121.335,100.674,87.634,106.701,102.007,87.272,89.685,93.596,136.052,142.765,86.125,85.573,85.499,108.792,99.920,90.912,79.305,94.442,100.515,87.666,100.382,102.746,90.337,88.306,85.982,96.824,84.321,91.489,87.490,82.314,118.058,105.936,96.744,90.137,92.537,92.426,94.510
"2014.02",93.980,95.147,86.733,87.728,95.601,97.240,82.111,86.393,70.404,86.123,76.829,104.945,97.923,91.701,47.105,81.604,83.976,94.822,90.145,97.873,83.776,113.966,100.825,98.158,81.124,127.947,80.641,45.606,59.931,48.816,82.682,80.598,43.357,52.530,82.391,90.467,116.845,112.338,117.800,109.441,98.536,65.890,82.625,81.366,104.547,93.885,100.549,86.727,99.029,95.515,90.935,88.637,-,102.972,106.838,90.109,80.808,82.354,91.121,87.231,87.174,87.892,87.926,86.155,85.461,87.069,82.895,80.850,74.550,79.571,89.298,90.142,99.119,92.191,77.930,87.881,81.837,99.861,56.409,91.033,97.960,89.080,92.599,91.363,96.109,99.783,95.124,93.165,59.453,77.215,86.029,116.362,145.717,91.273,118.125,120.054,100.602,87.870,106.210,101.519,87.272,89.685,93.634,135.607,142.159,86.125,85.705,85.499,108.792,99.920,91.061,79.305,94.442,100.515,87.666,100.382,102.746,90.448,88.552,86.381,96.824,85.032,91.489,88.219,92.565,119.723,107.610,96.797,90.137,92.733,92.613,94.780
"2014.03",94.153,95.297,86.741,87.212,94.565,97.119,82.143,86.370,69.749,84.309,85.071,108.203,97.206,93.431,47.053,80.477,84.271,94.815,90.501,96.638,84.278,115.527,98.401,97.289,85.836,127.947,86.125,40.070,58.219,39.520,75.413,80.268,44.075,50.587,90.204,90.385,112.024,101.602,116.233,106.297,98.894,61.708,75.542,79.092,101.174,93.729,100.788,91.774,109.842,95.610,91.045,88.541,-,102.888,107.276,90.300,83.477,82.214,91.035,87.585,87.366,88.047,88.028,86.515,85.742,87.100,83.329,81.084,74.682,79.989,89.442,90.609,99.119,92.226,78.079,88.226,82.146,100.094,56.409,91.033,97.674,89.080,92.616,91.363,96.109,100.312,96.048,93.174,59.453,76.496,86.029,116.362,145.717,91.268,115.686,118.742,100.665,88.214,106.210,101.014,87.280,89.685,93.634,135.793,142.097,86.125,85.755,85.499,108.792,99.920,92.889,82.967,94.442,100.515,92.962,100.246,102.401,91.644,89.106,87.674,96.824,85.195,91.787,88.254,86.048,133.698,101.907,96.467,90.137,92.964,92.808,94.946
"2014.04",94.214,95.279,86.866,87.205,95.513,97.247,82.378,86.636,69.970,85.050,87.406,111.678,95.847,93.976,47.771,81.830,83.764,94.730,92.193,100.992,85.091,116.582,98.746,95.996,85.836,127.947,93.412,38.329,55.325,41.506,70.126,58.062,44.524,56.943,99.619,90.130,111.650,79.140,85.142,80.763,89.483,53.643,70.453,78.411,105.355,94.737,98.639,92.759,111.202,95.754,90.909,86.159,-,101.480,105.850,90.252,84.276,82.191,91.010,87.786,87.619,88.149,88.028,86.676,86.023,87.130,83.000,81.283,74.795,80.151,89.509,90.609,99.119,92.380,78.095,88.172,82.641,100.010,56.409,91.033,97.641,89.080,92.591,91.363,96.109,100.034,95.494,92.809,59.558,76.567,86.029,116.362,145.717,91.255,114.984,119.782,100.103,88.306,105.810,100.582,87.223,89.685,93.643,135.398,141.503,86.125,85.755,85.499,108.792,99.920,92.871,84.331,94.442,100.515,92.962,100.246,102.401,91.556,89.153,87.587,96.824,85.558,92.358,89.194,90.425,118.253,104.456,96.494,90.137,93.235,92.918,94.972
"2014.05",94.369,95.279,86.709,86.641,95.628,97.292,82.463,86.902,70.678,84.399,88.910,111.739,96.249,96.802,46.610,82.355,83.616,94.714,92.493,100.522,84.716,116.043,98.746,95.389,85.836,121.124,95.501,39.277,53.965,49.317,71.577,52.737,51.203,71.729,95.295,89.585,107.452,60.340,76.910,60.857,78.432,52.671,68.504,78.253,105.279,96.642,99.526,91.994,112.174,96.262,90.851,88.596,-,102.879,106.576,90.284,84.632,82.323,90.888,87.847,87.627,88.234,88.012,86.867,86.225,87.152,83.194,81.283,74.854,80.151,89.772,90.609,99.119,92.541,78.266,88.461,82.613,100.094,56.251,92.723,97.617,91.817,92.522,92.479,96.521,99.988,95.010,93.295,59.558,76.833,86.029,116.362,145.717,91.017,115.650,117.987,100.502,88.145,105.796,101.470,87.231,89.685,93.663,134.867,140.760,86.125,85.755,85.499,108.792,99.920,92.880,84.509,94.442,100.515,92.962,100.246,102.401,91.675,89.237,87.623,96.824,85.701,92.519,89.216,101.425,121.741,104.972,96.931,90.137,93.366,93.318,94.990
"2014.06",94.248,95.102,86.419,86.600,94.786,97.292,82.143,86.940,71.630,84.593,95.398,106.666,100.105,96.664,47.452,81.166,83.757,94.799,92.452,100.104,85.872,110.761,98.746,96.942,85.836,79.936,93.863,41.875,48.915,48.217,63.871,42.196,53.017,69.245,69.337,89.966,112.998,58.370,70.413,58.171,59.878,57.142,62.462,77.665,104.905,96.774,99.216,92.384,112.320,95.544,90.955,88.074,-,102.431,107.770,90.229,85.094,81.980,90.992,87.847,87.727,88.172,88.012,87.021,86.347,87.152,82.895,81.283,75.468,80.809,89.772,90.609,99.119,92.541,78.266,88.734,82.613,99.963,56.251,92.723,97.756,91.817,92.711,92.479,96.521,100.266,95.512,93.339,60.314,76.866,86.029,116.362,145.717,91.066,111.307,109.545,100.502,88.550,105.474,100.875,87.198,89.685,93.653,134.338,139.927,86.125,85.755,85.499,108.792,99.920,92.889,84.701,94.442,100.515,92.962,100.246,102.401,91.660,89.291,87.645,96.824,85.665,92.519,89.216,95.194,124.942,102.462,97.985,90.137,93.490,93.207,94.868
"2014.07",94.386,95.120,86.646,86.365,95.611,97.525,82.345,86.987,72.140,85.680,97.386,102.034,107.689,95.811,45.346,80.865,83.835,94.753,92.509,99.572,84.883,112.767,98.746,97.348,85.836,75.711,91.337,60.344,56.311,61.722,61.546,41.427,53.337,70.234,55.907,89.697,113.569,52.791,65.703,46.321,50.759,57.846,55.873,78.880,104.974,98.208,100.621,93.053,112.272,96.166,91.089,87.882,-,102.450,107.239,90.300,85.075,82.026,90.957,88.195,88.071,88.000,88.122,87.519,86.679,87.152,83.494,81.503,75.475,80.895,89.772,90.609,99.119,93.123,78.819,88.609,82.641,99.889,56.251,92.723,97.968,91.817,92.729,92.479,96.521,100.061,94.465,93.400,60.381,76.645,87.334,116.362,144.423,91.560,117.030,109.261,99.994,88.955,105.474,101.006,87.198,89.685,93.606,134.152,139.283,86.125,85.755,85.499,108.792,99.920,92.880,84.986,94.442,100.515,92.962,100.246,102.401,91.691,89.361,87.645,96.824,85.785,92.527,89.048,84.255,125.371,105.955,98.253,90.137,93.605,93.530,94.903
"2014.08",94.551,95.217,87.221,86.042,95.787,97.368,82.411,86.925,72.879,86.899,92.286,104.012,108.879,91.433,45.713,81.341,84.307,94.714,92.655,100.251,85.832,114.338,98.746,92.109,85.836,79.104,88.790,80.176,86.664,107.124,74.479,51.190,57.723,81.674,56.867,89.958,115.850,75.761,67.513,66.016,51.733,65.666,55.798,82.000,105.157,96.921,100.556,90.672,112.677,96.071,91.095,86.900,-,102.403,107.155,90.101,85.069,82.011,91.431,87.847,87.865,88.000,88.239,87.710,86.952,87.206,83.494,81.596,75.753,81.191,89.856,90.609,99.119,93.611,78.901,89.196,82.641,99.739,56.251,92.723,98.042,91.817,92.823,92.479,96.521,100.406,94.711,93.400,60.486,76.794,87.334,116.362,144.785,91.603,108.904,100.085,100.584,88.978,105.474,101.437,86.759,89.685,93.482,133.153,137.959,86.125,85.886,85.499,108.792,99.920,92.880,85.025,94.442,100.515,92.962,100.246,102.401,91.818,89.391,87.667,96.824,85.743,92.690,89.180,74.395,129.080,103.620,98.663,90.137,93.719,93.827,94.990
"2014.09",94.490,95.261,87.685,85.988,95.814,97.487,82.496,87.128,74.554,87.418,93.167,98.456,105.275,90.800,45.513,81.122,84.307,94.707,92.704,99.417,84.182,113.232,97.863,80.030,85.836,79.104,90.108,82.359,90.870,92.890,88.625,54.022,59.249,104.191,59.662,90.393,129.191,65.819,87.785,69.976,66.065,69.891,56.855,84.283,104.288,97.960,99.425,93.199,113.009,96.340,91.018,88.486,-,102.729,103.947,90.324,85.729,82.191,91.405,88.265,88.209,88.429,88.262,87.806,86.959,87.206,83.680,81.844,75.753,81.269,89.856,91.605,99.119,95.031,79.566,89.385,82.778,99.581,56.251,92.723,97.960,91.817,92.832,92.479,96.521,100.544,95.213,93.400,60.486,76.561,87.481,116.362,144.785,91.511,120.708,119.290,100.139,89.070,105.474,100.998,86.776,89.685,93.434,131.045,135.626,86.125,85.886,85.499,108.792,99.920,88.775,85.025,94.442,100.515,92.962,100.236,102.412,92.032,89.544,87.841,96.824,86.056,92.698,89.623,92.896,118.006,102.014,98.699,90.137,93.892,93.538,95.059
"2014.10",94.205,94.803,86.544,87.026,95.327,97.404,82.463,87.323,74.044,87.557,85.842,105.354,100.856,93.862,45.617,80.971,84.673,94.730,92.007,98.376,86.653,111.403,94.717,81.361,85.745,79.104,89.504,55.305,60.455,62.460,73.717,55.729,54.693,96.953,58.945,90.647,119.384,56.677,67.699,53.973,74.369,60.812,56.293,84.910,102.258,98.099,101.609,93.089,112.977,96.586,91.045,88.074,-,104.045,105.383,90.269,85.690,82.081,91.466,88.265,88.209,88.507,88.262,87.703,87.074,87.260,83.904,81.908,76.143,81.269,89.856,91.605,99.119,94.816,79.439,89.415,83.015,99.459,56.251,92.723,98.254,91.817,92.883,92.479,96.521,100.489,96.083,93.400,60.486,76.872,87.481,116.362,144.851,91.505,119.910,103.224,99.577,89.299,106.106,101.470,87.040,90.093,93.577,128.739,132.901,86.125,85.980,85.499,108.792,99.920,90.632,85.025,94.442,100.515,92.962,100.236,102.412,92.032,89.738,88.168,94.450,86.176,92.783,89.762,105.968,134.622,103.678,98.208,90.137,94.048,93.369,94.694
"2014.11",94.015,94.583,86.560,87.577,95.735,97.420,82.496,87.308,74.417,87.723,86.224,106.328,108.485,96.104,46.654,80.232,84.441,94.691,92.865,101.201,86.645,117.574,90.470,80.744,70.553,79.104,81.932,37.647,59.352,52.762,71.921,79.634,47.724,67.033,59.221,90.759,118.151,69.690,85.563,79.168,68.897,56.651,56.758,84.523,102.274,97.968,99.829,93.045,112.831,96.376,91.205,87.491,-,104.838,106.008,90.269,86.299,82.612,91.397,88.472,88.386,88.671,88.450,88.150,87.118,87.321,84.010,82.191,76.189,81.304,89.932,91.605,99.119,95.099,79.618,89.462,83.015,99.123,56.251,95.168,99.062,91.817,94.380,94.362,97.466,100.600,96.426,93.452,60.499,76.807,87.481,116.362,144.840,91.091,116.115,110.103,100.565,89.566,106.106,101.275,86.999,90.093,93.491,125.064,128.713,86.125,85.980,85.499,108.792,99.920,91.751,85.063,94.442,100.515,92.962,100.236,102.412,92.032,89.738,88.168,94.450,86.176,92.962,89.864,95.847,115.963,103.075,99.003,90.137,94.270,93.147,94.536
"2014.12",94.006,94.433,86.961,86.496,95.681,95.380,82.489,87.277,74.173,89.198,90.811,105.109,105.963,98.873,47.009,81.103,83.884,94.699,92.752,101.718,86.892,114.990,90.799,79.875,66.231,79.104,72.791,33.852,68.117,57.931,77.957,120.875,50.396,54.776,70.747,90.804,115.259,100.202,97.739,94.400,69.772,69.560,55.948,84.855,101.907,98.130,97.702,92.986,112.620,96.262,90.832,88.156,-,103.970,101.606,90.340,86.451,82.409,91.388,88.488,88.394,88.655,88.458,88.253,87.197,87.321,84.121,82.283,76.189,81.425,89.932,91.605,99.119,95.124,79.873,89.486,83.015,98.685,56.251,95.168,98.744,91.817,94.071,94.362,97.466,100.183,95.301,93.660,61.179,76.742,87.481,116.362,144.840,91.085,120.814,104.930,100.784,89.566,105.758,101.348,86.999,90.093,93.472,120.698,123.996,86.125,85.980,85.499,108.792,99.920,90.772,85.086,94.442,100.515,92.962,100.236,102.412,91.968,89.968,88.306,94.450,86.176,92.962,89.834,94.211,128.923,101.917,99.065,90.137,94.467,93.301,94.440
